0,가막나무
1,가막나무
2,가막나무
3,가막나무
4,가시나무
5,가시나무
6,가시나무
7,가시나무
8,가이즈카향나무
9,가이즈카향나무
10,가이즈카향나무
11,가이즈카향나무
12,갈참나무
13,갈참나무
14,갈참나무
15,갈참나무
16,갈참나무
17,감나무
18,감나무
19,감나무
20,감나무
21,개나리
22,개나리
23,개나리
24,개암나무
25,개암나무
26,개암나무
27,개오동나무
28,개오동나무
29,개오동나무
30,개오동나무
31,개오동나무
32,계수나무
33,계수나무
34,계수나무
35,계수나무
36,고광나무
37,고광나무
38,고광나무
39,고광나무
40,고광나무
41,고로쇠나무
42,고로쇠나무
43,고로쇠나무
44,고로쇠나무
45,고추나무
46,고추나무
47,고추나무
48,고추나무
49,골담초
50,골담초
51,골담초
52,곰솔나무
53,곰솔나무
54,곰솔나무
55,공작단품
56,공작단품
57,공작단품
58,공작단품
59,공작단품
60,공조팝나무
61,공조팝나무
62,공조팝나무
63,괴불나무
64,괴불나무
65,괴불나무
66,괴불나무
67,괴불나무
68,괴불나무
69,구골나무목서
70,구골나무목서
71,구골나무목서
72,구골나무목서
73,구골나무목서
74,구실잣나무
75,구실잣나무
76,구실잣밤나무
77,구실잣밤나무
78,구실잣밤나무
79,구실잣밤나무
80,구실잣밤나무
81,구아바
82,구아바
83,구아바
84,국수나무
85,국수나무
86,국수나무
87,국수나무
88,국수나무
89,굴거리나무
90,굴거리나무
91,굴거리나무
92,굴거리나무
93,굴거리나무
94,굴피나무
95,굴피나무
96,귀룽나무
97,귀룽나무
98,귀룽나무
99,귀룽나무
100,귀룽나무
101,금새우란
102,금새우란
103,금새우란
104,금송
105,금송
106,금송
107,금송
108,까치박달
109,까치박달
110,까치박달
111,꾸지뽕
112,꾸지뽕
113,꾸지뽕
114,꾸지뽕나무
115,나무수국
116,나무수국
117,나무수국
118,나한송
119,나한송
120,낙상홍
121,낙상홍
122,낙상홍
123,낙상홍
124,낙우송
125,낙우송
126,남천
127,남천
128,남천
129,남천
130,남천
131,남천
132,남천
133,노각나무
134,노각나무
135,노각나무
136,녹나무
137,녹나무
138,녹나무
139,녹나무
140,눈향나무
141,눈향나무
142,눈향나무
143,눈향나무
144,느릅나무
145,느릅나무
146,느릅나무
147,느릅나무
148,느릅나무
149,느티나무
150,느티나무
151,느티나무
152,느티나무
153,느티나무
154,다릅나무
155,다릅나무
156,다릅나무
157,다릅나무
158,다정큼나무
159,다정큼나무
160,다정큼나무
161,다정큼나무
162,다정큼나무
163,단풍나무
164,단풍나무
165,단풍나무
166,단풍나무
167,단풍나무
168,담팔수
169,담팔수
170,담팔수
171,담팔수
172,담팔수
173,담팔수
174,대추나무
175,대추나무
176,대추나무
177,독일가문비
178,독일가문비
179,독일가문비
180,독일가문비
181,동백나무
182,동백나무
183,동백나무
184,동백나무
185,동백나무
186,동백나무
187,두층
188,두층
189,둥근잎말발도리
190,둥근잎말발도리
191,둥근잎말발도리
192,둥근향나무
193,둥근향나무
194,둥근향나무
195,둥근향나무
196,들메나무
197,들메나무
198,들메나무
199,들메나무
200,등나무
201,등나무
202,등나무
203,떡갈나무
204,떡갈나무
205,떡갈나무
206,뜰보리수
207,뜰보리수
208,뜰보리수
209,뜰보리수
210,뜰보리수
211,뜰보리수
212,리기다소나무
213,리기다소나무
214,리기다소나무
215,마가목
216,마가목
217,마가목
218,마가목
219,매실나무
220,매실나무
221,매실나무
222,매실나무
223,매실나무
224,매실나무
225,매자나무
226,매자나무
227,매자나무
228,매자나무
229,매자나무
230,맥문동
231,맥문동
232,맥문동
233,맥문동
234,맥문동
235,먼나무
236,먼나무
237,먼나무
238,멀구슬나무
239,멀구슬나무
240,멀구슬나무
241,멀구슬나무
242,메타세콰이어
243,메타세콰이어
244,메타세콰이어
245,모감주
246,모감주
247,모감주
248,모과나무
249,모과나무
250,모과나무
251,모과나무
252,모과나무
253,목련
254,목련
255,목련
256,목련
257,무궁화
258,무궁화
259,무궁화
260,무화과
261,물푸레나무
262,물푸레나무
263,물푸레나무
264,물푸레나무
265,물푸레나무
266,물푸레나무
267,미국산딸
268,미국산딸
269,미국산딸
270,박태기나무
271,박태기나무
272,박태기나무
273,박태기나무
274,반송
275,반송
276,반송
277,반송
278,반송
279,밤나무
280,밤나무
281,밤나무
282,배롱
283,배롱
284,배롱나무
285,배롱나무
286,배롱나무
287,배롱나무
288,배롱나무
289,백당나무
290,백당나무
291,백당나무
292,백당나무
293,백당나무
294,백량금
295,백량금
296,백량금
297,백량금
298,백량금
299,백량금
300,백목련
301,백목련
302,백목련
303,백목련
304,백송
305,백송
306,백송
307,백송
308,백송
309,백오동
310,백오동
311,백오동
312,버드나무
313,버드나무
314,버드나무
315,벌목련
316,벌목련
317,벚나무
318,벚나무
319,벚나무
320,벚나무
321,벚나무
322,벚나무
323,벚나무
324,별목련
325,별목련
326,별목련
327,별목련
328,병아리꽃나무
329,병아리꽃나무
330,병아리꽃나무
331,보리밥나무
332,보리밥나무
333,보리밥나무
334,보리밥나무
335,복분자딸기
336,복분자딸기
337,복분자딸기
338,복사나무
339,복사나무
340,복숭아
341,복숭아
342,복숭아
343,복숭아
344,복자기
345,복자기
346,복자기
347,복자기
348,불두화
349,불두화
350,불두화
351,불두화
352,불두화
353,불두화
354,불두화
355,비쭈기나무
356,비쭈기나무
357,비쭈기나무
358,비쭈기나무
359,뽕나무
360,뽕나무
361,뽕나무
362,뽕나무
363,사과
364,사과
365,사과
366,사철
367,사철
368,사철
369,산당화
370,산당화
371,산당화
372,산당화
373,산당화
374,산돌배
375,산돌배
376,산돌배
377,산딸나무
378,산딸나무
379,산딸나무
380,산딸나무
381,산벚나무
382,산벚나무
383,산벚나무
384,산수유
385,산수유
386,산수유
387,산철쭉
388,산철쭉
389,산철쭉
390,산초나무
391,산초나무
392,산초나무
393,살구나무
394,살구나무
395,살구나무
396,살구나무
397,살구나무
398,상겨릅나무
399,상겨릅나무
400,상겨릅나무
401,상수리
402,상수리나무
403,상수리나무
404,상수리나무
405,상수리나무
406,상수리나무
407,상수리나무
408,상수리나무
409,서부해당화
410,서부해당화
411,서부해당화
412,서양산사나무
413,서양산사나무
414,서양산사나무
415,서양산사나무
416,서양측백
417,서양측백
418,서양측백
419,서양측백
420,서양측백
421,서향나무
422,서향나무
423,서향나무
424,서향나무
425,서향나무
426,석류나무
427,섬잣나무
428,섬잣나무
429,섬잣나무
430,섬잣나무
431,섬잣나무
432,섬잣나무
433,세로티나벚나무
434,세로티나벚나무
435,세로티나벚나무
436,소귀나무
437,소귀나무
438,소귀나무
439,소귀나무
440,소귀나무
441,소나무
442,소나무
443,소나무
444,소나무
445,소나무
446,소사나무
447,소사나무
448,소사나무
449,소사나무
450,소사나무
451,소철
452,소철
453,소철
454,소철
455,소철
456,소철
457,수수꽃다리
458,수수꽃다리
459,수수꽃다리
460,수수꽃다리
461,수양버들
462,수양버들
463,수양버들
464,수양버들
465,수양벚나무
466,수양벚나무
467,수양벚나무
468,수피
469,쉬나무
470,쉬나무
471,쉬나무
472,쉬나무
473,쉬나무
474,스트로브잣나무
475,스트로브잣나무
476,스트로브잣나무
477,스트로브잣나무
478,시무나무
479,시무나무
480,시무나무
481,시무나무
482,신나무
483,신나무
484,신나무
485,신나무
486,신나무
487,신나무
488,실화백
489,실화백
490,실화벡
491,실화벡
492,실화벡
493,실화벡
494,아그배나무
495,아그배나무
496,아그배나무
497,아그배나무
498,아그배나무
499,아왜나무
500,아왜나무
501,아왜나무
502,아왜나무
503,아왜나무
504,아카시아나무
505,아카시아나무
506,아카시아나무
507,안
508,안
509,안
510,안개나무
511,안개나무
512,안개나무
513,안개나무
514,안개나무
515,애기꽃사과
516,애기꽃사과
517,애기꽃사과
518,앵도나무
519,앵도나무
520,앵도나무
521,양다래
522,양다래
523,양다래
524,연필향나무
525,연필향나무
526,연필향나무
527,연필향나무
528,연필향나무
529,연필향나무
530,오죽
531,오죽
532,옻나무
533,옻나무
534,옻나무
535,옻나무
536,왕벚나무
537,왕벚나무
538,왕벚나무
539,왕원추리
540,왕원추리
541,왕원추리
542,원추리
543,원추리
544,원추리
545,유럽피나무
546,유럽피나무
547,유럽피나무
548,유럽피나무
549,유카
550,유카
551,유카
552,은단풍
553,은단풍
554,은단풍
555,은단풍
556,은단풍
557,은반향나무
558,은반향나무
559,은반향나무
560,은반향나무
561,은빛줄사철
562,은행나무
563,은행나무
564,은행나무
565,은행나무
566,은행나무
567,은행나무
568,이팝나무
569,이팝나무
570,이팝나무
571,일본목련
572,일본목련
573,일본목련
574,일본목련
575,일본왕단풍
576,일본왕단풍
577,일본왕단풍
578,잎
579,잎
580,잎
581,자귀나무
582,자귀나무
583,자귀나무
584,자두나무
585,자두나무
586,자두나무
587,자두나무
588,자목련
589,자목련
590,자목련
591,자작나무
592,자작나무
593,자작나무
594,작살나무
595,작살나무
596,작살나무
597,작살나무
598,장미
599,장미
600,장미
601,장미
602,전나무
603,전나무
604,전나무
605,전나무
606,전체
607,전체
608,젓나무
609,젓나무
610,젓나무
611,조팝
612,조팝
613,조팝
614,졸참
615,졸참
616,졸참나무
617,졸참나무
618,졸참나무
619,졸참나무
620,졸참나무
621,졸참나무
622,종가시나무
623,종가시나무
624,종가시나무
625,종가시나무
626,주목
627,주목
628,주목
629,주목
630,주목
631,주목
632,주목
633,주엽나무
634,주엽나무
635,주엽나무
636,주엽나무
637,중국단풍
638,중국단풍
639,중국단풍
640,쥐똥나무
641,쥐똥나무
642,쥐똥나무
643,쥐똥나무
644,쥐똥나무
645,진달래
646,진달래
647,진달래
648,찔레꽃
649,찔레꽃
650,찔레꽃
651,참꽃나무
652,참꽃나무
653,참꽃나무
654,참꽃나무
655,참꽃나무
656,참느릅나무
657,참느릅나무
658,참느릅나무
659,참느릅나무
660,참느릅나무
661,참빗살나무
662,참빗살나무
663,참빗살나무
664,참빗살나무
665,참빗살나무
666,참식나무
667,참식나무
668,참식나무
669,참식나무
670,참오동
671,참오동
672,채진목
673,채진목
674,채진목
675,채진목
676,처진소나무
677,처진소나무
678,처진소나무
679,철쭉
680,철쭉
681,철쭉
682,층층나무
683,층층나무
684,층층나무
685,칠엽수
686,칠엽수
687,칠엽수
688,카나다박태기
689,카나다박태기
690,카나다박태기
691,카나다박태기
692,태산목
693,태산목
694,튤립나무
695,튤립나무
696,튤립나무
697,튤립나무
698,팥배나무
699,팥배나무
700,팥배나무
701,팽나무
702,팽나무
703,팽나무
704,팽나무
705,포포
706,포포
707,포포
708,풍년화
709,풍년화
710,풍년화
711,피나무
712,피나무
713,피나무
714,피나무
715,피라칸타
716,피라칸타
717,피라칸타
718,피라칸타
719,피라칸타
720,피라칸타
721,피라칸타
722,함박꽃나무
723,함박꽃나무
724,함박꽃나무
725,함박꽃나무
726,함박꽃나무
727,함박꽃나무
728,함박꽃나무
729,해당화
730,향나무
731,향나무
732,향나무
733,헛개나무
734,헛개나무
735,헛개나무
736,호두나무
737,호두나무
738,호두나무
739,호랑가시나무
740,호랑가시나무
741,호랑가시나무
742,호랑가시나무
743,호랑버들
744,호랑버들
745,호랑버들
746,홍단풍
747,홍단풍
748,홍단풍
749,홍단풍
750,홍단풍
751,화백
752,화백
753,화백
754,화백
755,화살나무
756,화살나무
757,화살나무
758,황근나무
759,황근나무
760,황근나무
761,황근나무
762,황금
763,황금옥향
764,황금옥향
765,황금회화
766,황금회화
767,황금회화
768,황칠나무
769,황칠나무
770,황칠나무
771,황칠나무
772,회양목
773,회양목
774,회양목
775,회양목
776,회향목
777,회향목
778,회향목
779,회화나무
780,회화나무
781,회화나무
782,후박나무
783,후박나무
784,후박나무
785,후박나무
786,후박나무
787,후피향나무
788,후피향나무
789,후피향나무
790,후피향나무
791,히말라야시다
792,히말라야시다
793,히어리
794,히어리
795,히어리